Color Discription:,Chip Code:,Vendor:
Silver Travertine,1858K-55,Wilsonart
Summer Carnival,1875K-52,Wilsonart
Winter Carnival,1874K-52,Wilsonart
Milano Quartz,4726K-52,Wilsonart
Black Alicante,4926K-07,Wilsonart 
Deep Springs,4907-38,Wilsonart
Windswept Bronze,4794-60,Wilsonart
Pewter Brush,4779-60,Wilsonart
Almond,D30-60,Wilsonart
Antique White,1572-60,Wilsonart
Black,1595-60,Wilsonart
Frosty White,1573-60,Wilsonart
Graphite Nebula,4623-60,Wilsonart 
Oiled Soapstone,4882-38,Wilsonart 
Misted Zephyr,4843-60,Wilsonart 
Bianco Romano,1872-35,Wilsonart
Haze,D97-60,Wilsonart
White Carrara,4924-38,Wilsonart
