Color Discription:,Chip Code:,Vendor:
Alpina White,SST-0001,Silestone
Altair,SST-0002,Silestone
Arctic,SST-0003,Silestone
Ariel,SST-0004,Silestone
Bamboo,SST-0005,Silestone
Bianco Calacatta,SST-0006,Silestone
Blanco City,SST-0007,Silestone
Blanco Maple,SST-0008,Silestone
Blanco Orion,SST-0009,Silestone
Blue Sahara,SST-0010,Silestone
Calypso,SST-0011,Silestone
Capri Limestone,SST-0012,Silestone
Cemento,SST-0013,Silestone
Chrome,SST-0014,Silestone
Copper Mist,SST-0015,Silestone
Coral Clay,SST-0016,Silestone
Creamstone,SST-0017,Silestone
Cygnus,SST-0018,Silestone
Daria,SST-0019,Silestone
Eternal Calacatta Gold,SST-0020,Silestone
Eternal Charcoal Soapstone,SST-0021,Silestone
Eternal Calacatta Classic,SST-0022,Silestone
Eternal Desert Silver,SST-0023,Silestone
Eternal Emperador,SST-0024,Silestone
Eternal Marfil,SST-0025,Silestone
Eternal Marquina,SST-0026,Silestone
Eternal Pearl Jasmine,SST-0027,Silestone
Eternal Serena,SST-0028,Silestone
Eternal Statuario,SST-0029,Silestone
Forest Snow,SST-0030,Silestone
Grey Expo,SST-0031,Silestone
Helix,SST-0032,Silestone
Iconic Black,SST-0033,Silestone
Iron Bark,SST-0034,Silestone
Kensho,SST-0035,Silestone
Kimbler Mist,SST-0036,Silestone
Kona Beige,SST-0037,Silestone
Lagoon,SST-0038,Silestone
Lena,SST-0039,Silestone
Lusso,SST-0040,Silestone
Lyra,SST-0041,Silestone
Marengo,SST-0042,Silestone
Miami White,SST-0043,Silestone
Moonstone,SST-0044,Silestone
Mountain Mist,SST-0045,Silestone
Noka,SST-0046,Silestone
Ocean Jasper,SST-0047,Silestone
Ocean Storm,SST-0048,Silestone
Pacific,SST-0049,Silestone
Pietra,SST-0050,Silestone
Pulsar,SST-0051,Silestone
Quasar,SST-0052,Silestone
Royal Reef,SST-0053,Silestone
Sienna Ridge,SST-0054,Silestone
Sierra Madre,SST-0055,Silestone
Snowy Ibiza,SST-0056,Silestone
Stellar Night,SST-0057,Silestone
Stellar Snow,SST-0058,Silestone
Tebas Black,SST-0059,Silestone
Tigris Sand,SST-0060,Silestone
Unsui,SST-0061,Silestone
Vortium,SST-0062,Silestone
White Arabesque,SST-0063,Silestone
White North,SST-0064,Silestone
White Platinum,SST-0065,Silestone
White Storm,SST-0066,Silestone
White Zeus Extreme,SST-0067,Silestone
Yukon Blanco,SST-0068,Silestone
